fecha	inicio	fin	titulo	discoteca	codigo	imagen	estado
2026-10-08	17:30	01:00	Jueves	Margarita	LN6K	b8449d47-ba55-4405-72cd-829ee6095800
2026-10-08	18:00	05:00	Afterwork Green	Yatengoplan	183N	24d2ec43-e275-484b-7302-10457069a400
2026-10-08	18:00	02:00	Afterwork Pabblo	Yatengoplan	BEC2	0ad83a61-39a8-4ed6-8ff2-48422b57cc00
2026-10-08	20:00	02:00	JUEVES ONE MORE	MADRID NO DESCANSA	JSSC	54e767c1-25cc-46e1-ddc7-7c7833529e00
2026-10-08	20:00	03:30	TARDEO ON - Afterwork Kube	KUBE	N15W	1d3ae68f-a138-4844-0d28-b95c2a013500
2026-10-08	22:30	05:30	JUEVES	Manama Disco	I6YW	a1a143d7-3558-4783-3f96-1aa51080db00
2026-10-08	23:00	06:00	COPAS A 3,5€	BLUE CLUB	9W6W	468b2c71-b9e4-4994-fb60-95734b557d00
2026-10-08	23:45	05:30	JUEVES 8oct 🇪🇸NOVATEO BARRA LIBRE COPAS CATS	CATS MADRID	0ADD	790452d0-3a62-46b7-b150-e2fbcb3f9b00
2026-10-08	23:45		JUEVES Last Night X Mon - METE TU BOTELLA	DISCOTECA MON MADRID	EPVX	dc0d7cc3-8f93-4920-c031-9e76be8e4500
2026-10-08	00:00	05:30	Jueves	Gunilla Club	RYRL	9249c666-f922-4a6a-1008-fe66559a8900
2026-10-08	00:00	06:00	Jueves VANDIDO	VANDIDO	BHWR	83b75068-26fb-461b-987e-bcbea6860900
2026-10-08	00:00	06:00	SAINT CLUB X ROOKIES	SAINT CLUB	QA09	7a221522-75b2-44b1-798d-2cd43a6e4700
2026-10-08	00:00	05:30	PERRE ON BY TIFFANY’S THE CLUB	TIFFANY'S THE CLUB	8R2X	358a82e2-b540-47cc-8484-464a3d5e1d00
2026-10-08	00:00	06:00	JUEVES	Nazca Club	H21X	9640c18f-7691-41a1-5b85-49814b3d9f00
2026-10-08	00:00	06:00	CHANGO	CHANGO MADRID	PHTV	02157811-dbe7-4195-671a-1bc86c65d900
2026-10-08	00:00	06:00	BONDED x Spotted	BONDED CLUB	XW28	ff37b5e5-d389-4930-7dc8-e555aa303d00
2026-10-08	00:00	06:00	KAYDY CAIN HOSTED x FITZ	Fitz Madrid	JWUE	e4b3e136-2f02-42b4-9009-0c3ce11dfc00
2026-10-08	00:00	05:30	JUEVES TODOS SANTOS	Todos Santos	RDWI	7750f9a4-1e91-46f1-0e57-55a4ea234a00
2026-10-08	00:00	05:30	B12 - ENTRADAS	B12 Madrid	STC1	https://d72sklgi05fbu.cloudfront.net/images/venues/cover/sm_Hllm2chtl02aw01chblog4k6aAEPBBrr.jpeg?versionId=b1HUEmxegtcRkHu1x3zOwqYgY9tbI4Bh
2026-10-08	00:00	05:30	JUEVES COPERNICO | La Nocturna	Copérnico The Club	RS04	0b5bb2f2-1ea1-40f7-997f-64c038013200
2026-10-08	00:00	06:00	"THE 120 CLUB" GOLDEN ROOM VANDIDO	VANDIDO	GS4D	d7628bae-1d23-4771-0baa-767eceb04300
2026-10-09	17:00	00:30	Viernes	Margarita	ZEDB	d200c477-c9a2-4535-8a6a-fa29491dfe00
2026-10-09	18:00	06:00	Green Viernes	Yatengoplan	FIJ7	1e582e7b-0c85-49cd-b19c-b52a0d3af000
2026-10-09	19:00	04:00	TARDEZINHA CLUB SEXTOU	KUBE	A67V	3ac8664a-7477-4573-9a69-7f215df29600
2026-10-09	20:00	02:30	Señorío Marieta	Yatengoplan	5CVI	46b0a8fd-cb80-4929-3913-353631ebe300
2026-10-09	21:00	03:30	Viernes malasañero	DEKADA	OS7P	https://d72sklgi05fbu.cloudfront.net/images/venues/cover/sm_Glb40zsdv034g01e08gdzdxhcGZq61Ss.jpeg?versionId=F._zX3G.hdAIz7T1q.IuyuknzpjaOqvi
2026-10-09	22:30	06:00	VIERNES	Manama Disco	0SCB	5b7386aa-913e-46d9-1a0a-f55fe703e500
2026-10-09	23:30	06:00	VIERNES JOY ESLAVA	JOY ESLAVA	PODN	165f0e38-3874-432c-1821-84b324aee400
2026-10-09	23:45	06:00	VIERNES	Nazca Club	L0PJ	458ca085-7e3e-44a4-c18f-ffb18ee8d600
2026-10-09	23:45	06:00	COPAS A 3,5€	BLUE CLUB	0WRZ	53012afd-347b-4a00-4c4b-705b8d369800
2026-10-09	23:45	06:00	MÖKAI beach club	Mokai Beach Club	LS27	031f220f-c79c-44ff-c090-caac320e2e00
2026-10-09	23:45		DESEO (NAZCA CLUB)	DESEO	UCF0	22728d92-af34-45e9-2b5a-8c335a8ddb00
2026-10-09	23:45	06:00	VIERNES HISPANIDAD POSH ⭐️	Posh Club	HIAC	efb21f4e-08a3-4fac-6b5e-0b731311d400
2026-10-09	23:45		VIERNES MON - HISPANIDAD	DISCOTECA MON MADRID	85IY	abb99aac-3f1e-4efc-717a-137c03ab5c00
2026-10-09	00:00	05:30	MARABU VIERNES	Marabú	8WFQ	000d2dac-f2a8-43d2-27e7-e404452bcb00
2026-10-09	00:00	06:00	Viernes VANDIDO	VANDIDO	993A	87034508-9400-4817-e095-b6876704c000
2026-10-09	00:00	06:00	GRAN OPENING	VENNUS MADRID	T2WN	1f836f2c-731d-4183-0065-9e8a35af5d00
2026-10-09	00:00		FRONTEO X LE CLUB HISPANIDAD EDITION	LE CLUB SOMOSAGUAS	79NH	3593976c-da03-4265-0d7b-c0b681990b00
2026-10-09	00:00	06:00	AURA	CHANGO MADRID	RCS1	907dec8c-f8d7-4ab3-d216-2e348671e600
2026-10-09	00:00	06:00	CHAMAN	CHAMÁN	CAWP	57a5dcb0-3331-4910-d2a8-9da093f2d100
2026-10-09	00:00	06:00	SAINT CLUB FRIDAYS	SAINT CLUB	VNUJ	6957e320-e9e9-49ea-7d92-3228f95c3200
2026-10-09	00:00	06:00	VIERNES COPERNICO | High Society	Copérnico The Club	FL1R	05c7a822-25d5-4a40-4a9c-e597d0759d00
2026-10-09	00:00	06:00	VIERNES RUBICON	MADRID NO DESCANSA	2YDX	7078a49c-b114-4c98-6bcd-255dbbf48000
2026-10-09	00:00	06:00	PERRA ERA	CrisTo Social Club	1IME	412cae97-3571-4621-169c-544a184a4700
2026-10-09	00:00	06:00	LUNA & LENTHE X FITZ	Fitz Madrid	NOH3	1292576b-953d-4b70-b9b2-9b4c0d01d700
2026-10-09	00:00	06:00	TABOO	CrisTo Social Club	U9JK	bc1fb042-1c80-44de-ac0f-e2aa5651fa00
2026-10-09	00:00	06:00	PANDA VIERNES	Classy Society	B7IO	26ea1b40-26d1-4c21-b39f-a26c13c95a00
2026-10-09	00:00	07:30	COMMODORO VIERNES	PATILLA MGMT	44EU	46845492-7fa5-4093-21e2-d5b0cd106f00
2026-10-09	00:00	06:00	HISPANIDAD x KALEA	ETNIA	R3X9	3360e1ab-387a-4095-9da2-b6d06d5a6f00
2026-10-09	00:00	06:00	CIRCUS DEL PERREO	CrisTo Social Club	A1MJ	b71c09a2-775c-490f-f5aa-7c0776bf0500
2026-10-09	00:00	06:00	B12 - ENTRADAS	B12 Madrid	RVHJ	https://d72sklgi05fbu.cloudfront.net/images/venues/cover/sm_Hllm2chtl02aw01chblog4k6aAEPBBrr.jpeg?versionId=b1HUEmxegtcRkHu1x3zOwqYgY9tbI4Bh
2026-10-09	00:00	06:00	MARVEL VIERNES	Marvel Madrid	L8EK	13cc699d-8106-4d1a-7341-f17e108f9d00
2026-10-09	00:00	06:00	VIERNES 9 oct 🇪🇸HISPANIDAD MITTY CATS	CATS MADRID	M051	d6e4859c-b8f6-4589-df69-ac851fa36900
2026-10-09	00:00	06:00	FRIDAY'S at Tiffany's The Club	TIFFANY'S THE CLUB	3DIK	b9d43c30-e97d-4592-9007-44f3775dbf00
2026-10-09	00:00	06:00	Viernes BONDED	BONDED CLUB	HU07	d0f9c1ca-a359-4dde-13a2-74b3623c8700
2026-10-09	00:00	06:00	Calabrote F&F #2	BONDED CLUB	JME8	07ead5a2-8292-459a-0452-9a61a681de00
2026-10-09	00:30	06:00	Spain Reggaetón Mafia by Linkers	Sala La Riviera	6PK3	25062689-93ee-4696-0734-4aa7b44c7b00
2026-10-10	18:00	23:30	MAJARETA TARDEO	KUBE	R28D	3e6b585a-d5d2-416f-630f-831db4bc7d00
2026-10-10	18:00	06:00	| GREEN CLUB |	Green Social Club	MJCP	f9feeeee-203a-4e1f-37f8-52cbddbc4500
2026-10-10	18:00		TARDEO NUVI + AFTER EN COMODORO	Nuvi	TMO7	833c7385-4db4-466a-6f13-349d19aeee00
2026-10-10	18:00	23:30	Sábado Tardeo FITZ	FITZ MALLORCA	1JYI	f5ac8fc4-fe90-4ef8-8f62-0650d4159b00
2026-10-10	18:00	23:30	TARDEO RITA LA BAILAORA	BONDED CLUB	PACY	830092ad-fe8b-4c21-0440-385417859500
2026-10-10	18:00	23:30	TARDEOLÉ	CrisTo Social Club	ENL1	db8890ff-7b27-4ea1-4f02-ab1f20374500
2026-10-10	18:00		Tardeo Yatengoplan x Saint Club	SAINT CLUB	4BFO	5ca7fcb4-2362-4442-8c02-869dac012d00
2026-10-10	19:00	02:30	AFROBIBI Essence: NEW ERA BEGINS	BIBO MADRID	5MNU	76a29a4c-d95f-4a29-030c-af79364ba900
2026-10-10	19:00	05:00	Valladolid Sala20 x Yatengoplan (Hispanidad)	Yatengoplan	CC5O	6822d3be-60f9-402e-feaf-3be54a163f00
2026-10-10	23:30	06:00	SABADO JOY ESLAVA	JOY ESLAVA	ZFMY	6044c08a-b1c3-4650-1ce5-729a793e5b00
2026-10-10	23:45		SÁBADO MON - HISPANIDAD	DISCOTECA MON MADRID	XVSX	af80d672-71ae-461b-128e-16fd320bec00
2026-10-10	23:45	06:00	COPAS A 3,5€	BLUE CLUB	T6B0	5a108f7a-ba99-468d-90cb-2e93db31b000
2026-10-10	23:45	06:00	SABADO	Nazca Club	MGN3	cd168e3d-c59c-4cc2-b5d1-40485e70ed00
2026-10-10	23:45	06:30	SHARK®️ 📍 CONDADO	CONDADO CLUB DENIA	SPRO	35740a29-54d3-41a0-03bf-ed4060f84100
2026-10-10	23:45	06:00	SABADO HISPANIDAD POSH ⭐️	Posh Club	7CVE	e4297133-4d08-4e18-aabd-7749665f1a00
2026-10-10	23:45	06:00	MÖKAI beach club	Mokai Beach Club	95X6	031f220f-c79c-44ff-c090-caac320e2e00
2026-10-10	23:59	06:00	PERREOLAB	Teatro Magno	YU4Q	757ca179-c58c-456a-23a4-05e137a2ad00
2026-10-10	00:00	06:00	Sábado BONDED CLUB	BONDED CLUB	3F0D	24ac7478-f0cc-485b-392b-c0885ec6a200
2026-10-10	00:00	06:00	HISPANIDAD x KALEA	ETNIA	ZPUU	6b6de554-e25e-4611-f38d-21a025f39c00
2026-10-10	00:00	06:00	Sabado 10oct🇪🇸 HISPANIDAD CATS	CATS MADRID	KWME	e615299c-3e08-4e59-c2f3-1c0ec0d11000
2026-10-10	00:00	06:00	Le club Saturdays	LE CLUB SOMOSAGUAS	BWOX	07daa076-7718-49ce-a62b-e8ca4b9a4300
2026-10-10	00:00	06:00	Sábado VANDIDO	VANDIDO	XTCE	87b41bb1-72a5-489b-b121-8e9c385e1d00
2026-10-10	00:00	06:00	SABADO COPERNICO | Coper Culture	Copérnico The Club	885G	6aadbd8e-64ae-4fcb-471c-eb7a60559e00
2026-10-10	00:00	06:00	PANDA SÁBADO x XPLICIT	Unexpected events	YIEN	8d0901f0-7c92-41e0-f7a3-44e05e463100
2026-10-10	00:00	06:00	CANDELA	SAINT CLUB	2NNY	f3d28ba3-b0e9-4d70-27ca-8aec20484e00
2026-10-10	00:00	06:00	LATIDO LATINO	CrisTo Social Club	AOEF	947e8fcd-10d9-48d0-82c1-965235b89400
2026-10-10	00:00	06:00	+595	CrisTo Social Club	Y9YY	43c37f11-9139-4922-a6a3-334b2910a000
2026-10-10	00:00	06:00	SABADO - OMAR MONTES & FABBIO SHOWCASE	VENNUS MADRID	TASD	066dda33-bedf-4464-4747-3d6903cbcb00
2026-10-10	00:00	06:00	MYKE TOWERS x FITZ	Fitz Madrid	CTMF	88d3d71c-e806-49d1-4c7a-c6df5ede2a00
2026-10-10	00:00	06:00	CHAMÁN - ÉLYSEÉ	CHAMÁN	7N0T	ad35968a-ce25-470d-e06b-84163a266c00
2026-10-10	00:00	05:30	MARABU SABADO	Marabú	T49N	a67f5236-3788-411c-b9d4-4b1c96779500
2026-10-10	00:00	06:00	B12 - ENTRADAS	B12 Madrid	M3SR	https://d72sklgi05fbu.cloudfront.net/images/venues/cover/sm_Hllm2chtl02aw01chblog4k6aAEPBBrr.jpeg?versionId=b1HUEmxegtcRkHu1x3zOwqYgY9tbI4Bh
2026-10-10	00:00	06:00	SATURDAY'S at Tiffany's The Club	TIFFANY'S THE CLUB	2EMY	345e90d0-ba5b-4268-a52a-c5699a2dc800
2026-10-10	00:00	06:00	MARVEL SÁBADO	Marvel Madrid	67ZZ	db814fb1-c6bf-4aa8-ede4-a65f570b5600
2026-10-11	18:00	06:00	NÓMADAS x SAINT CLUB	SAINT CLUB	2AQ2	016fdccb-f6f8-4ac9-1a65-cf0c45deec00
2026-10-11	18:00	03:00	CALLE 365 by MADRID NO DESCANSA	MADRID NO DESCANSA	2RP4	7b61b30d-046a-4c56-9eea-8b544df18200
2026-10-11	18:00	06:00	Green Domingo	Yatengoplan	AZIV	08a5c484-f317-42f1-7990-1ec40751f300
2026-10-11	18:30	01:00	TARDEO BACHATA EDITION x FITZ	Fitz Madrid	HLOL	9f36f59e-d956-4e35-6f66-3fa3610c0c00
2026-10-11	19:00	02:30	AFROBIBI: DIA DE LA HISPANIDAD	BIBO MADRID	LT6H	e5204b9c-e130-416d-b9ea-2a122a934000
2026-10-11	22:30	05:30	DOMINGO	Manama Disco	F6FU	06cb36d6-dc72-41e4-75ac-3ba6e0950b00
2026-10-11	23:30	06:00	DOMINGO JOY ESLAVA	JOY ESLAVA	T5VQ	e9f8712f-d9f2-4703-d334-59d47f3c9c00
2026-10-11	23:45		DOMINGO MON - COPAS A 2€	DISCOTECA MON MADRID	SEOP	3e446bd8-ff68-4cf1-5f04-a5936fd7da00
2026-10-11	23:45	06:00	HISPANIDAD 🇪🇸/ COPAS A 3,5€	BLUE CLUB	O7NZ	566c2ddf-685f-4c4c-bac0-eae200a82d00
2026-10-11	23:45	06:00	DOMINGO HISPANIDAD POSH ⭐️	Posh Club	F18E	551089dd-96d2-418c-7e34-46dc5c92e300
2026-10-11	00:00	06:00	LATIDO LATINO	CrisTo Social Club	YGIR	e5c9529d-26c6-4620-c85f-5f004d651800
2026-10-11	00:00	06:00	DOMINGO 11oct HISPANIDAD CATS x BNM & ONLYNIGHTS	CATS MADRID	AK1P	f7eb0312-f592-49b4-1082-63ea18640900
2026-10-11	00:00		CANDY x MACHO	Teatro Magno	0JTP	48c7c82c-9371-47e3-e5a9-0968a1944900
2026-10-11	00:00	05:30	Todos Santos X Perreolab & JORY BOY	Todos Santos	BYXV	fe5548d3-9a42-47c6-1563-b85a1576de00
2026-10-11	00:00	06:00	DOMINGO COPERNICO | Coper Culture	Copérnico The Club	GZN2	99d8e41b-c4e4-4fbe-9c82-27098c2a9e00
2026-10-11	00:00	06:00	BANOI - BARULLO	BANOI	DUVO	02dbd4f6-604d-40ca-b8a2-43f32bc03000
2026-10-11	00:00	06:00	JALEITO VANDIDO	VANDIDO	7R6A	dba93543-b049-43d8-90ee-beaa651a1100
2026-10-11	00:00	05:30	THE HOME OF PERREO at Tiffany's	TIFFANY'S THE CLUB	R4L3	5e08fc22-dec6-4c22-3a08-17de562f4d00
2026-10-11	00:00	06:00	CHANGO HISPANIDAD - ONLYNIGHTS x BNM	CHANGO MADRID	TNGW	31adf32f-8922-43f5-36c7-d0beeefa0d00
2026-10-11	00:00	06:00	HISPANIDAD 🇪🇸 PERRA ERA	CrisTo Social Club	7BMD	576c6d6b-e79d-4fe9-8131-895288fd1c00
2026-10-11	00:00	05:30	CHAMAN - HISPANIDAD	CHAMÁN	74RI	c53b1000-500a-4122-8ccc-e45fd35b4f00
2026-10-11	00:00	06:00	Domingo FITZ	Fitz Madrid	CFKD	8b797e64-f448-4fbf-e64b-31ea6ef9f000
2026-10-11	00:00	06:00	DOMINGO 11 OCTUBRE	Nazca Club	8ND0	86f2b7e9-a57c-42b6-166a-dacd17e77900
2026-10-11	00:00		KANAKA - DIA DE LA HISPANIDAD	VENNUS MADRID	6PTI	85d60cbd-f305-44b7-613d-0960baddf700
2026-10-11	00:00	05:30	Domingo	Gunilla Club	ZHTR	9249c666-f922-4a6a-1008-fe66559a8900
2026-10-11	00:00	06:00	PERREO SIN FRONTERAS Especial Hispanidad	CrisTo Social Club	8LZ6	9af64528-4b69-4841-bb82-25d17317da00
2026-10-11	00:00	06:00	B12 - ENTRADAS	B12 Madrid	S99R	https://d72sklgi05fbu.cloudfront.net/images/venues/cover/sm_Hllm2chtl02aw01chblog4k6aAEPBBrr.jpeg?versionId=b1HUEmxegtcRkHu1x3zOwqYgY9tbI4Bh
2026-10-11	00:00	05:30	PERREOLAB X FLORIDA PARK	MADRID NO DESCANSA	W4GE	b276e6d3-c9a3-41ae-b1ad-06d673a24300	cancelado
2026-10-12	20:00	04:00	SALA DE DESPECHO by Madrid No Descansa	MADRID NO DESCANSA	U9D9	0e31f0c3-a3b4-427a-d1ba-c1ee008d0000
2026-10-12	22:30	05:30	LUNES	Manama Disco	IRD9	68fd84bc-2636-4ec3-d194-757682c57400
2026-10-12	00:00	05:30	CANDY AT TIFFANY’S	TIFFANY'S THE CLUB	I7TU	fa66782e-f288-4a09-c95e-1f269ffdb400
2026-10-12	00:00	06:00	FITZ x One World by ESN - MADE IN SPAIN	Fitz Madrid	GB29	1c81a785-d186-42e5-2781-a00c62ce4d00
2026-10-13	22:30	05:30	MARTES	Manama Disco	79CU	657a1098-8752-4043-560a-c34acc6d6e00
2026-10-13	23:45	05:30	MARTES 13 oct NOVATEO BARRA LIBRE COPAS CATS	CATS MADRID	BURH	790452d0-3a62-46b7-b150-e2fbcb3f9b00
2026-10-13	00:00	06:00	Martes VANDIDO	VANDIDO	IJSJ	https://d72sklgi05fbu.cloudfront.net/images/venues/cover/sm_el6dy69980ry7019j1uqze3e3yaZ8I1E.jpeg?versionId=5pguOH3o7bqZJPfEFT7nu5G04XGarnqs
2026-10-13	00:00	05:30	TUESDAY'S at Tiffany's The Club	TIFFANY'S THE CLUB	AIHT	945b99a2-16cd-4239-ad75-3bb9d2e80000
2026-10-13	00:00	06:00	Martes Fitz	Fitz Madrid	QIGA	3cb807ad-b440-4b35-2242-6023cdcb8900
2026-10-13	00:00		MARTES PERRO NEGRO X MADRID NO DESCANSA	PERRO NEGRO MADRID	YPZW	420ffda5-9ba0-4453-f97e-4dd42facc700
2026-10-14	22:30	05:30	MIÉRCOLES	Manama Disco	OLZ6	36128b96-0a76-494e-9b15-c7f0f7980c00
2026-10-14	00:00	06:00	Bum Bum Funky Room	BONDED CLUB	QSMO	a1305c04-6662-487b-8acf-3687b17e7a00
2026-10-14	00:00	06:00	DJ POPE x FITZ	Fitz Madrid	MER5	feeb9b0f-09aa-4d2b-67d7-bd0dce14a100
2026-10-14	00:00	05:30	MIERCOLES GUNILLA X ¿Qué pasó Ayer?	Gunilla Club	HBT5	8cf98273-d21d-457d-12cd-8b2816884400
2026-10-14	00:00	06:00	VANDIDO by Madrid Es Fuego	VANDIDO	CL6G	a4e09f01-6033-49ac-1786-cd8f81acba00
2026-10-14	00:00	06:00	Golden Room by Madrid Es Fuego	VANDIDO	NZ8S	a4e09f01-6033-49ac-1786-cd8f81acba00
2026-10-14	00:00	05:30	WEDNESDAY'S at Tiffany's The Club	TIFFANY'S THE CLUB	19P0	715e76fe-eeb7-4517-4793-3293813a4700
2026-10-14	00:00	06:00	MIERCOLES	Nazca Club	RRQR	e9528528-3ca4-4faa-234c-bb8243561f00
2026-10-14	00:00	06:00	Miércoles	GABANA MUSIC CLUB	E501	d875007f-5821-49a7-7092-3e6038660c00
2026-10-15	17:30	01:00	Jueves	Margarita	86CT	https://d72sklgi05fbu.cloudfront.net/images/venues/cover/sm_Hl9hbj306000w016hhuy917a6u3jyjCb.jpeg?versionId=4o3Mz0EbfWZNrZombYVafqkMSLVhMu7G
2026-10-15	18:00	05:00	Fiesta residentes	Yatengoplan	MMA2	9868de7d-3750-40cc-921c-225148b3d800
2026-10-15	18:00	02:00	Inauguración Nuevo Afterwork Pabblo	Yatengoplan	1JMP	4c253a1b-ed53-4f5e-ec8f-9c1fb6abac00
2026-10-15	20:00	02:00	JUEVES ONE MORE	MADRID NO DESCANSA	V7SH	11841a40-c469-4d82-d5e7-a7e062917b00
2026-10-15	20:00	05:30	JUEVES - MARABÚ	Marabú	VCG0	e407a644-6bd8-467b-a37b-525567559e00
2026-10-15	22:30	05:30	JUEVES	Manama Disco	EHGL	a1a143d7-3558-4783-3f96-1aa51080db00
2026-10-15	23:00	06:00	COPAS A 3,5€	BLUE CLUB	Z2MC	4572b6a1-2cf9-40e3-fb69-8988a0463f00	
2026-10-15	23:30	06:00	JUEVES JOY ESLAVA	JOY ESLAVA	6QZG	085695a7-99ee-4812-6e04-403dda2c7900	
2026-10-15	23:45	05:30	JUEVES 15 oct 🇪🇸NOVATEO BARRA LIBRE COPAS CATS	CATS MADRID	EYEA	790452d0-3a62-46b7-b150-e2fbcb3f9b00	
2026-10-15	23:45		JUEVES Last Night X Mon - CASA SOLA	DISCOTECA MON MADRID	A9UO	13308234-e44b-475c-2d1a-1050ecbaf300	
2026-10-15	00:00	06:00	"THE 120 CLUB" GOLDEN ROOM VANDIDO	VANDIDO	2R33	a6bcc29e-6263-4ac1-7077-4478e22ba900	
2026-10-15	00:00	06:00	CHANGO	CHANGO MADRID	VGSO	8707a15e-db08-4af6-c8a1-33ff9571f100	
2026-10-15	00:00	06:00	SAINT CLUB X ROOKIES	SAINT CLUB	NJN5	06e0e9c8-699a-4538-2b1f-677005462d00	
2026-10-15	00:00	05:30	Jueves	Gunilla Club	R0BH	8ffaa313-d9b9-416c-2249-8396acfede00	
2026-10-15	00:00	06:00	BRESH x FITZ	Fitz Madrid	MJF5	e844d3c2-aac3-4ed0-0786-fe32158de000	
2026-10-15	00:00	06:00	JUEVES	Nazca Club	B9MX	524c9da3-3d2c-47d8-d989-e7e0fe646400	
2026-10-15	00:00	05:30	JUEVES TODOS SANTOS	Todos Santos	WKYK	7750f9a4-1e91-46f1-0e57-55a4ea234a00	
2026-10-15	00:00		Trip Grooves x HDAD	CrisTo Social Club	PZ5W	c415ba25-a930-4e9e-82e0-e860bfabc700	
2026-10-15	00:00	05:30	JUEVES COPERNICO | La Nocturna	Copérnico The Club	7N6U	0b5bb2f2-1ea1-40f7-997f-64c038013200	
2026-10-15	00:00	06:00	Jueves VANDIDO	VANDIDO	SWAG	83b75068-26fb-461b-987e-bcbea6860900	
2026-10-15	00:00	05:30	B12 - ENTRADAS	B12 Madrid	CUD3	https://d72sklgi05fbu.cloudfront.net/images/venues/cover/sm_Hllm2chtl02aw01chblog4k6aAEPBBrr.jpeg?versionId=b1HUEmxegtcRkHu1x3zOwqYgY9tbI4Bh	
2026-10-15	00:00	05:30	PERRE ON BY TIFFANY’S THE CLUB	TIFFANY'S THE CLUB	GBEI	358a82e2-b540-47cc-8484-464a3d5e1d00	
2026-10-15	00:00	06:00	BONDED x Spotted	BONDED CLUB	LPSF	7f4c32bd-9e3a-4693-a49f-c50b51874900	
2026-10-16	18:00	06:00	Green Viernes	Yatengoplan	ZU58	d844b3ca-3c68-4c66-3fb0-b50188ba6d00	
2026-10-16	19:00	02:30	AFROBIBI Essence: NEW ERA BEGINS	BIBO MADRID	3EBA	a2780503-91b0-4b22-851d-8b8ec922d500	
2026-10-16	20:00	02:30	Señorío Marieta	Yatengoplan	AVPP	e1e88f98-cad1-4094-2a9b-9ba6504fe700	
2026-10-16	21:00	03:30	Viernes malasañero	DEKADA	GN0N	https://d72sklgi05fbu.cloudfront.net/images/venues/cover/sm_Glb40zsdv034g01e08gdzdxhcGZq61Ss.jpeg?versionId=F._zX3G.hdAIz7T1q.IuyuknzpjaOqvi	
